{"cameraMode":{"drawMode":0,"name":"Shaded","section":"Shading Mode"},"sceneLighting":false,"audioPlay":false,"sceneViewState":{"m_AlwaysRefresh":false,"showFog":true,"showSkybox":false,"showFlares":true,"showImageEffects":true,"showParticleSystems":true,"showVisualEffectGraphs":true,"m_FxEnabled":true},"in2DMode":false,"pivot":{"x":-0.3569849729537964,"y":-0.7646892070770264,"z":0.38242220878601076},"rotation":{"x":0.48614445328712466,"y":0.024899043142795564,"z":-0.013858871534466744,"w":0.8734139800071716},"size":1.5322452783584595,"orthographic":false}