{"cameraMode":{"drawMode":0,"name":"Shaded","section":"Shading Mode"},"sceneLighting":true,"audioPlay":false,"sceneViewState":{"m_AlwaysRefresh":false,"showFog":true,"showSkybox":true,"showFlares":true,"showImageEffects":true,"showParticleSystems":true,"showVisualEffectGraphs":true,"m_FxEnabled":true},"in2DMode":false,"pivot":{"x":-0.22462379932403565,"y":1.8542394638061524,"z":-0.1573636531829834},"rotation":{"x":-0.17226015031337739,"y":-0.2937479615211487,"z":0.05394161120057106,"w":-0.9387043118476868},"size":3.1006293296813967,"orthographic":false}