{"cameraMode":{"drawMode":0,"name":"Shaded","section":"Shading Mode"},"sceneLighting":true,"audioPlay":false,"sceneViewState":{"m_AlwaysRefresh":false,"showFog":true,"showSkybox":true,"showFlares":true,"showImageEffects":true,"showParticleSystems":true,"showVisualEffectGraphs":true,"m_FxEnabled":true},"in2DMode":false,"pivot":{"x":353.9505615234375,"y":331.7391662597656,"z":-113.3795166015625},"rotation":{"x":-0.0464346744120121,"y":-0.045217517763376239,"z":0.0021368630696088077,"w":-0.9979177713394165},"size":167.54527282714845,"orthographic":false}