{"cameraMode":{"drawMode":0,"name":"Shaded","section":"Shading Mode"},"sceneLighting":true,"audioPlay":false,"sceneViewState":{"m_AlwaysRefresh":false,"showFog":true,"showSkybox":true,"showFlares":true,"showImageEffects":true,"showParticleSystems":true,"showVisualEffectGraphs":true,"m_FxEnabled":true},"in2DMode":false,"pivot":{"x":-7.661088466644287,"y":4.846164703369141,"z":14.109283447265625},"rotation":{"x":0.047958869487047198,"y":-0.029080556705594064,"z":0.0015269032446667553,"w":0.9984612464904785},"size":16.884519577026368,"orthographic":false}