{"cameraMode":{"drawMode":0,"name":"Shaded","section":"Shading Mode"},"sceneLighting":true,"audioPlay":false,"sceneViewState":{"m_AlwaysRefresh":false,"showFog":true,"showSkybox":true,"showFlares":true,"showImageEffects":true,"showParticleSystems":true,"showVisualEffectGraphs":true,"m_FxEnabled":true},"in2DMode":false,"pivot":{"x":9.331762313842774,"y":-72.23953247070313,"z":124.35314178466797},"rotation":{"x":0.2679903507232666,"y":0.036118414252996448,"z":-0.01005607657134533,"w":0.9626977443695068},"size":87.79351806640625,"orthographic":false}