{"cameraMode":{"drawMode":0,"name":"Shaded","section":"Shading Mode"},"sceneLighting":false,"audioPlay":false,"sceneViewState":{"m_AlwaysRefresh":false,"showFog":true,"showSkybox":false,"showFlares":true,"showImageEffects":true,"showParticleSystems":true,"showVisualEffectGraphs":true,"m_FxEnabled":true},"in2DMode":false,"pivot":{"x":0.6714194416999817,"y":0.09613057971000672,"z":-1.37339448928833},"rotation":{"x":0.33484676480293276,"y":0.5109274387359619,"z":-0.22541730105876923,"w":0.7589723467826843},"size":1.0634905099868775,"orthographic":false}